context,tag
? А вам что же мои стихи не нравятся? ? с любопытством спросил Иван.  ? Ужасно не нравятся.  ? А вы какие читали?,-2
? А ведь мне сейчас перед вами было ужасно весело ? проговорила она ? и в самом деле… что… то есть что собственно случилось непоправимого?,2
? А знаешь ли что ты нынче её ужасно рассердил?,-2
? А может быть вам пора ответ держать Михаил Андреевич ? негромко говорит Петунин из своего угла…  Становится ужасно тихо.  Дым папиросный уносится к потолку.,0
? Ах да ? говорю я едко ? ведь ты же у нас засекреченный товарищ.  Я ужасно расстроен.  Мне очень хотелось пойти с Виктором на стадион а потом в филармонию где будут на концерте все наши ребята.,-2
? Вот что Сергей Сергеевич ? Борис Иванович отводит глаза в сторону ему ужасно неприятно начинать этот разговор но ничего не поделаешь он поднимает голову и спрашивает в упор ? Что там у вас с квартирой происходит?,-2
? Вы знаете ? наконец продолжил он ? мне ужасно надоело выполнять подобного рода поручения.,-1
? Вы ужасно болтливы и непоседливы ? говорила она ? дайте мне дочитать главу…,-1
? Должен вам прямо сказать что вы ужасно фотогигиеничны.,1
? Здесь жуткая жара ? мозги слипаются ходишь все время в мокрой футболке ужасно хочется пить.,0
? И я тебя ужасно рада видеть Пашечка!,2
? Извини за экзальтацию. Просто я ужасно счастлива. Я так рада здесь быть.,2
? Извини что я затащил тебя на репетицию ? сказал Рустам когда они ехали по Кирочной улице в сторону Суворовского проспекта.  ? Это всё ещё ужасно сыро!..  ? Мне понравился Марк ? возразила Соня.,-1
? Комфортно ужасно совершенно как дома ? читай сиди лежи пиши…,2
? Кроме того у меня довольно большие глаза…  ? Ужасно глупый разговор ? сказала Таня.  ? Вот и прекрасно.,-2
? Лиза ужасно нервничала отправив заявку а когда пришел ответ Колесникова что ее отобрали было столько криков!,-1
? Мой друг мне и нездешнее ужасно надоело.,-2
? Наркотик?! ? почему-то эта мысль меня ужасно поразила.,-1
? Не знаю…  ? Вот и я беспокоюсь ужасно.  ? Будь что будет.,-1
? Но вы так переменились так ужасно переменились!,0
? Но справедлив!..  ? Ужасно справедлив!..  ? Чрезвычайно справедлив!..,2
"? Ну знаешь ? сказала Людмила ? ты раньше напиши в физике ""Войну и мир"".  Штрум ужасно смутился.  ? Да-да Людочка ты права зарапортовался ? пробормотал он и невольно с упрёком посмотрел на жену. ? Господи и в такие минуты нужно подчёркивать каждое моё неверное слово.",0
? Ой пойдемте уже рухнем где-нибудь я ужасно голодна.,-1
? Представляю себе как Витя воспримет эту новость ? сказала она. ? Он ужасно нервный теперь всё ему кажется что его посадят.,-1
? Пусть мама сделает как ей хочется ложись ? велел Сане Слава который все-таки проснулся от мамочкиных речей. Вот эти слова мужа резанули ужасно. Что ж получается у них можно в чужую спальню прямо так без стука?,-2
? Сегодня было красиво. Ужасно красиво… Он не сразу отозвался не сразу понял ее ? ведь в музыке сегодня было так много красивого а сейчас она и сама была так волнующе красива в свете одинокого фонаря за окном что мягко лепил тусклым золотом ее плечи шею ключицы и грудки-выскочки придавая им целомудренное чуть ли не иконное сияние.,2
? Сереж ? позвала она ? я вся в крови и у меня ужасно болит живот.,-2
? Ты Михайлов всё-таки ужасно спесив ? если сын поступает то обязательно в университет.,-2
? Ужасно обидно все это слышать ? отзываюсь я.,-2
? Ужасно почему-то захотелось «Раковых шеек» все время о них думаю…,0
? Хочешь чаю?  ? Ужасно хочу чаю.  Она сервирует мне стол.,0
? Я ? артистка я ? певица я ? ужасно взбалмошная женщина.,-1
? Я бы сказала послушайте ведь это ужасно неделикатно!,-2
– Я просто ужасно испугался потому и не совладал с собой.,-1
"""Вы где брали вино? ? лениво спросил я Волхова между тем как в глубине души моей одинаково внятно говорили два голоса один ? господи приими дух мой с миром другой ? надеюсь не нагнуться а улыбаться в то время как будет пролетать ядро ? и в то же мгновение над головой просвистело что-то ужасно неприятно и в двух шагах от нас шлепнулось ядро.",-2
"""Ужасно ему сочувствую"" ? проговорил он в уме.",0
"""Я ужасно хочу написать свои воспоминания потребность чувствую.",1
) еле слышным ароматом специй сладковато-пряным духом копченостей из монастырской коптильни легкой испариной… Отросшие и уже вьющиеся волосы пружинили под его пальцами он подумал что они с Айей должно быть опять ужасно похожи этими упругими завитками одинаково крутых затылков.,0
.  Устал я ужасно.  Дашь мне Фирс переодеться.,-1
. Безуханов довольно много чего печатал в различных сборниках диссертацию защитил докладов и лекций прочел кучу в том числе и заграницей причем для этого ему даже не нужно было в партию вступать как некоторым его соученикам по университету ужасно в советскости измазавшимся.,-1
. Это меня впрочем огорчает доктор ? продолжал я после минуты молчания ? я никогда сам не открываю моих тайн а ужасно люблю чтоб их отгадывали потому что таким образом я всегда могу при случае от них отпереться.,2
.. Одна поступь чего стоит! . Ужасно самовлюблённый народ…  ? Профессор помахал рукой.,-2
[gureva_nastasya жен] И конечно же моего любимого мужа это тоже не обошло стороной) В прошлую среду на Сашкин день рождения я потащила его и еще пару друзей играть в новую (для нашего города) и ужасно интересную штуку под названием «Клаустрофобия».,2
[rnd-den муж] Недостатки все хорошо но вот только этот ужасно громкий сигнал ? писк внутреннего блока в момент вкл/ выкл/ изменения температуры/ изменения наклона потока/…. и любой другой операции с ПДУ оповещающей об удачном переключении режима агрегата ? просто рвет все барабанные перепонки.,-2
[Наталья жен] У меня она проходила ужасно тяжело но прошла.,-2
«Я к Клину сам не знаю как ужасно привязался…» — писал композитор Петр Чайковский (1840 – 1893) о городе где он прожил последние полтора года своей жизни.,1
… наверху ко мне подбежали две девушки какую-то тряпочку прилепили на лоб. Мне было почему-то ужасно холодно. Дали стульчик я села.,-1
А ведь совсем недавно когда ушла жена сказав напоследок что ей не по пути с ним безродным и ни к чему не приспособленным «Надо полагать кончишь ты как и твои непутевые родители» ? ему было ужасно плохо все-то валилось из рук измучивала мысль что он и впрямь никому не нужен.,-2
А если бы принял то не пошёл бы в угрозыск.  (Получилось ужасно путано я понимаю.  Но не стану опережать события.,-1
А когда одна женщина укутанная до самых глаз в пуховый платок так что совсем не видно было лица подошла к нему нагнула мягким движением патлатую голову и поцеловала он покраснел вдруг ужасно пунцово до слез стал беззащитным наивным обычным смущенным подростком и как оказалось вполне симпатичным при этом.,0
А меня например потрясающе в университете учили истории Африки ? я ужасно люблю про нее рассказывать но совершенно не знаю куда это всунуть.,2
А он сильно пожилой?  ? Ужасно пожилой вроде вас.  ? А что?,0
А потом Гороховую переименовали в улицу Дзержинского помнили как там на Гороховой ночей не спала Чрезвычайка ужасно к народу близкая.,0
А с другой ? ужасно грустно когда нам фонд не доносит никакого feedback-а как это очень часто бывает.,-2
А сейчас вечером домой идти не хочеться ? всё равно дома никого нет.  Соскучилась просто ужастно!  tatjana 2004. 07. 1220 57.,-1
А то у меня ведь всё что мне Шарифа шлёт отбирают! Я ужасно голодаю постоянно хочется есть! А не отдать нельзя могут ударить побить!,-2
А это ужасно грустно когда Давидом Федоровичем тычут а ты-то чего?,-2
Америка России подарила пароход С носа пар колёса сзади И ужасно и ужасно И ужасно тихий ход.,0
Анна рассказала как она впервые в 11 лет потратила все карманные деньги на красные розовые и чёрные кружевные трусики в бельевом магазине родителей ? могла бы конечно и так попросить у мамы с папой но стеснялась ужасно.,-1
Антону ужасно не хотелось одному ковыряться с многочисленными распечатками но он вспомнил о Лизе и промолчал.,-1
Аська я ужасно скучал чтоб ты знала горгулья ты киевская.,0
Бегаем там бомбочки взрываем ну в смысле ? хлопушки…  Почему-то это сообщение всех ужасно развеселило.  ? А признайтесь Олечка ? вдруг поддразнил её Глинка ? вы бы не отказались пополнить этим Домби свою коллекцию…,2
Буря мглою небо кроет Вихри снежные крутя То как зверь она завоет То заплачет как дитя.  Ужасно это нравится Алексею Петровичу!  Он широко смеётся обнажая жёлтые зубы радуется топает ногой.,2
Был я в Москве и так летал что не успел заехать в Питер и написать тебе об этом.  Время ужасно быстро скачет.  До свидания ? скоро увидимся.,0
Были они ужасно молоды и в какой-то момент я их даже уволил.,-1
Было почему-то ужасно стыдно кругом мальчишки мне казалось что я глупо выгляжу.,-2
Было ужасно хорошо только немножко плохо потому что от радости он не удержался.,2
"В ""диванной"" царил обычный полумрак и было на мой взгляд ужасно душно.",-1
В глубине души она была ужасно разочарована.,-2
В его голосе было что-то ужасно знакомое…,0
В ней тоже есть что-то от Алины. А Марине было ужасно неуютно. Подруга Толика?,-2
В Олеге Цыркове вообще было много такого что ужасно раздражало Алексея Юрьевича в других людях но Олегу он прощал многое даже можно сказать всё потому что сорокалетний магнат горел любовью к ювелирному искусству и искренне хотел научиться разбираться в нем не хуже настоящих профессионалов.,-2
В продолжение двух дней мои дела ужасно? подвинулись.,0
В тот раз когда на арену вышли акробаты и один полез на голову другому я ужасно расхохотался потому что думал что это они так нарочно делают для смеху ведь дома я никогда не видел чтобы взрослые дядьки карабкались друг на друга.,0
"В трусиках в маечке и босиком.  А пол ужасно холодный.  Она смотрит на нас и говорит ""Я писать хочу""",-1
В ухо например или в образовавшийся костный дефект. Доктору этот человек ужасно надоел. И творческий доктор подговорил сынишку отловить воробья а после выбрав момент явил воробья пациенту со словами вот я его вынул.,-2
"Ведь хламидомонада погибает от ""жары"" уже при плюс 4 градусах а рачки из солоноватых озёр Аравийского полуострова с очень тёплой водой ужасно ""мёрзнут"" даже при плюс 35 градусах и при дальнейшем понижении температуры гибнут от ""холода"".",0
Ведь ? «… я был всегда ужасно неуклюжий.  Во мне есть ужасное уродство поведения до неумения «встать» и «сесть».,-1
Вечером начало тошнить ужасно в груди появился какой-то не то мороз не то жжение ноги дрожали и при всем при этом я была холодная и ужасно бодрая не спала всю ночь и сейчас не хочу.,-2
Вечером начало тошнить ужасно в груди появился какой-то не то мороз не то жжение ноги дрожали и при всем при этом я была холодная и ужасно бодрая не спала всю ночь и сейчас не хочу.,0
Вики еще когда умывался вдруг отчего-то ужасно разнервничался.,-2
Волосы светлые барашком вьются в очках. Ужасно застенчивый. Он нас страшно стеснялся но ему дали задание и он пришел.,0
Во-первых наступали сумерки ? самое неопределённое время суток во-вторых в голове был туман ну и в-третьих стёкла в трамвае были ужасно пыльные.,-2
Вопрос на самом деле ужасно интересный экстраполировать его можно куда угодно ? хоть на литкритику хоть на современное искусство.,2
Впервые мне было ужасно обидно за мужа и я понимала что он не по своей вине выглядит смешно и жалко.,-2
Все без исключения говорили о том что были ужасно удивлены теми мыслями которые приходили им в голову в процессе эксперимента но не сумели их внимательно «рассмотреть» из-за ухудшения общего состояния.,0
Все его истории камерные про обыкновенных людей незадачливых вечно попадающих в какие-то идиотские ситуации и просто пытающихся прожить свою незатейливую жизнь которая со стороны ужасно смешная и одновременно грустная.,2
Все мы ужасно прытки на подобные заключения.,0
Все они были разные и вот тогда я заметил что у каждого из домов (не внутри а снаружи) есть особое скучное место обычно это угол какой-то ужасно-скучный угол.,-2
Всё случившееся представилось ужасно смешным я начала смеяться сотрясаясь всем телом.,2
Все соседи вышли из своих квартир.  Она говорит ? было ужасно весело.  Все смеялись и хлопали.,2
Все страшно запуталось и проясняется только когда я стою с тобой вот так и слушаю ветер там под твоей курткой гул зимнего моря шторм ты что-то говоришь но слова расплываются как будто и слух мой тоже слезится только море голос и запах талого снега все это вместе — ты которого я наверное ужасно люблю.,2
Все это так ужасно противоречило ее скромным размерам и настроению что вызывало какой-то внутренний диссонанс и протест и делало абсолютно невозможными даже попытки посмотреть на нее не говоря уж о том чтобы действительно увидеть.,-2
Всё что громоздится то ужасно шумит о себе.,0
Вы первые… к кому приехал…  Ужасно рад… с вами увидеться…  Как прыгаете?..,2
Выполнять просьбу своего давнего друга и нынешнего шефа ей ужасно не хотелось но в то же время и обижать его отказом в помощи тоже как-то… не по-товарищески.,-2
Галина тоже никогда не верила что он может не испытывать к красавице Эльвире никакого мужского интереса ревновала ужасно подозревала и постоянно говорила глупости и гадости по этому поводу.,-1
"Говоря высоким штилем ? ""смерть уже лежала на его высоком челе"".  Ревновал он её ужасно.  Говорят целые ночи простаивал под её окнами.",-1
Говоря же по-простому по-человечески потеряв его мы ужасно тосковали и мучились но никак не решались ввергнуть свои сердца в новый водоворот привязанности и любви а каким он могучим бывает этот водоворот мы уже знали.,-2
губы как будто наждаком стерты болят ужасно,-2
Дама выходя меня заметила и ужасно смутилась.,-1
Две ближайшие репетиции с Робертом отменил сославшись на простуду (вздыхал в трубку бесстыжим голосом «Я ужасно болен Роберт ужасно!,-2
Две ближайшие репетиции с Робертом отменил сославшись на простуду (вздыхал в трубку бесстыжим голосом «Я ужасно болен Роберт ужасно!,-2
Дела школы шли ужасно плохо средств не было профессора переругались лекторов не хватало слушатели злились.,-2
Димка посмотрел на Фрама и сразу вспомнил их всех и всё летом в центре ужасно весело.,2
Для блезиру какая-нибудь высокая и ужасно многосторонняя комиссия придумает всех устраивающие формулировки.,-1
"До Москвы мы ехали следующим образом я захватил с собой несколько бутылок белого сухого бессарабского в узелке у птицелова оказались хлеб брынза завёрнутые в газету ""Моряк"" и в течение полутора суток ни разу не сомкнув глаз мы читали друг другу свои и чужие стихи то есть занимались тем чем привыкли заниматься всегда и везде и при любых обстоятельствах дома на Дерибасовской на Ланжероне в Отраде и даже на прелестной одномачтовой яхте английской постройки ""Чайка"" куда однажды не без труда удалось затащить птицелова который вопреки легенде ужасно боялся моря и старался не подходить к нему ближе чем на двадцать шагов.",-1
Добавив  ? Но я всегда ужасно завидовала Терешковой…  ? Там ? говорю ? Казанский собор…,-1
Добрый ужасно и не такой уж старичок между нами ? вполне интересный мужчина.,2
Достав его из глубин тумбочки он овеваемый воспоминаниями ужасно долго переодевался потому и оказался в очереди последним.,-1
Евгения Васильевна отчего-то сильно расстроилась и стала говорить что в ближайшее время у нее не будет возможности выбраться к Дорожкиной а она ужасно соскучилась и хочет непременно повидаться.,0
Его квартира была настоящей лавкой старьевщика то есть ужасно Леону нравилась помимо фанерных полок с книгами и каталогами тут были горы древних видеокассет с фильмами всех времен и народов от «Набережной туманов» до «Летят журавли» и такие же горы древних аудиокассет с записями ? от концертов Яши Хейфеца до конкурсов трескучих виртуозов тамтама.,2
Ей ужасно странно что я который привык к хорошему обществу который так короток с её петербургскими кузинами и тётушками не стараюсь познакомиться с нею.,-1
"Ему ужасно хотелось ""утереть нос"" Полякову и ""Скорпиону"".",0
Ему помнит хорошо тогда всё казалось что они ужасно долго знакомы.,1
Если Лёве звонят по телефону он всегда подходит как бы ужасно он ни был занят.,0
Если не сегодня то когда? Я ужасно мелодраматична. Ну вот надо мне чтобы ? как в романе.,-1
Если упадут цены на энергоносители нам будет скверно общеизвестным образом а если не упадут нам будет скверно образом доселе нами не испытанным доходы населения будут расти а его удовлетворённость жизнью ? ужасно падать.,-2
Если например приятели хорошие и Руслан ими дорожит ? то ему ужасно как неловко будет её трахать у них в доме.,-1
Ещё в молодые годы посетив Румянцевский музей где было в ту пору большое собрание картин Репин пишет своему старшему другу о том глубоком понимании искусства которое проявляют иногда «зипуны» «По случаю воскр[есенья] а потому бесплатного входа там было много мужичков нас удивило ужасно их художественное понимание и умение наслаждаться картинами мы ушам своим едва верили как эти зипуны прочувствовали один пейзаж до последних мелочей до едва приметных намёков дали как они потом как истые любители перешли к другому пейзажу («Дубы» Клодта) всё разглядывалось в кулак всё перебиралось до ниточки.,1
Еще один подвиг который должен был меня обрадовать. Если честно я ужасно обрадовалась. Я просто ликовала что вот ради меня дверь вышибли.,2
Ещё сын охотника заткнул за пояс топор сумку с компасом повесил на правое плечо двуствольную «Тулку» ? на левое и так сделался ужасно страшным для всех птиц и зверей.,-1
Еще я помню несколько раз заговаривал он все в том же возбуждении о книгах доставшихся ему от коммунистической тетки о потрясающих в частности и как он выразился «Картинах октябрьской революции» Алданова которые читал он всю ночь отчего ужасно конечно не выспался среди каковых картин есть кстати замечательный легкой и уверенной кистью набросанный портрет небезызвестного вам батьки Махно ? Махно говорил Двигубский снимая в свою очередь ботинки городские и не очень какие-то летние стаскивая соответственно и носки белыми плоскими и неуверенными ступнями пробуя прохладную воду ? Махно говорил он которого Алданов рисует как бы на грозовом и все же слегка комическом фоне сложившихся вокруг него легенд представляющих его прямым потомком былинных русских разбойников Емелек и Стенек так что в этих легендах о Махно не обошлось понятное дело и без персидской княжны ? какой-то с характерной поправкой на время действия роковой еврейки Сони бывшей по одним сведениям злым по другим же совсем наоборот добрым гением батьки то ли толкавшим его на добавочные зверства то ли как раз удерживавшим от зверств.,-1
Желание моё было ужасно сильным я даже во сне только об этом и думал.,0
Замечательная девушка неглупая начитанная неплохо образована.  И самое главное ужасно везучая! !! Наконец - то она встретила того с кем можно найти общие темы для разговора можно весело и непринужденно попеть поиграть на пианино нашла того кто понимает ее.,1
Зинка Фокина поправила очки откашлялась и стала читать ужасно противным голосом,-1
Знаете прекрасно и ужасно довольны тем что знаете.,1
Знаменитость специалист по девиантному поведению ужасно симпатичный дядька.,2
Значит так дочка 14 лет. ужасно тяжёлый переходный возраст.. уже 2 год… почему именно у нас так тяжело понять не могу(((.,-2
И вид у него был такой несчастный-пренесчастный что мне его опять стало ужасно жалко но на этот раз я взял себя в руки.,-2
И всё бы ничего да только жил в том же мухоморе ужасно противный червяк.,-2
И все внешнее в гармонизированной смычке с внутренним моментом одним успокоилось моментом-комендантом стихийным весьма нелиричным утихомирилось даже вот и не потребовалось ничему устаканиваться то есть избегнута была до мук истрезвления адова высокомуторная требушительная процедура (обычно заканчивающаяся шибкой раздерганной а то и вусмерть смутною метафизикой) вся непрелесть которой в том что шумна она буйновата с беспощадностию болтлива заговорить может до смерти оглушив природно рвущимся мимо страсти всякой точнехонько бьющим словцом вербальностью рюмашечной напоследочек придушив немотивированные лишние трупы приличному месту не нужны вовсе они ни к чему кладбище любит чтоб все было чистенько да спокойненько по высшей логике самой мозговитой смерти честной и верной во всем за исключением некоторых особенностей кончины где приходится иногда подретушировать и помухлевать… Но кто сегодня до конца честен ? бросьте в того булыжный исправляющий точно камень только смерть пожалуйста уж не трогайте не обижайте плохим ничем в нее не бросайте несмотря на обнаруженную нами в ней вселенски клептоманскую оказывается вороватость донельзя истовую порой до беспредела взбалмошную… но по земным законам за хорошенькие такие делишки смерть увы не посадишь сроком пожизненного заключения так-то вот не одаришь тут инстанции маячат иные к ним в кончине лишь нет-нет да прорвешься а мы к вам явилися с жалобой с экстренной жалобой на одну невозможно раскрадывающую особу уморительно смешную в нелепых поступках в лице общественности дерзали бы знать когда же все это так-таки и прямо растаки не скроем кончится?.. Уж как смерть ужо вздрогнет ужасно! Вот когда позавидовать ей будет нам ой как трудно.,0
И все мы были бы ужасно нравственными продержись железный занавес до наших дней и будь он действительно железным.,0
И всё равно этот клапан сохраняет свойства ткани. Ужасно захотелось новых вещей одежды. А сейчас так много красивых тканей!,0
И говор народа и стук колеса.  На площади тесно ужасно  И много шаров продают,-1
И для Розанова было так точно вот этот живой любимый его чем-то ужасно и несправедливо обидел что-то отнял у него и у всех людей и это что-то ? весь мир его светлость и теплость.,-2
И мне вдруг ужасно захотелось прогуляться по парку ? отчего-то подумалось что он должен воротам замечательным по красоте соответствовать.,0
И при этом ужасно злился и впадал чуть не в буйство.,-2
И протодиакон Кураев помнится после все-таки состоявшейся трансляции ужасно возмущался (постельные сцены «мал и мерзок?»,-2
И рассказывал дым ужасно разъедал глаза и горло.,-1
И снова вспомнился майор в новых погонах с ужасно светлыми глазами.,0
"И хотя в этом наверное заключался свой урок было ужасно обидно как же так почему чем я хуже? ? но всё равно Колюнчик по примеру партийца папы болел только за суровый ЦСКА никогда бы не пошёл в спортивную секцию другой команды и был безумно счастлив когда однажды ранней осенью его любимая команда стала чемпионом страны в фантастической игре где-то в Средней Азии со счётом три ? два обыграв ""Динамо"".",-2
И хотя зелёные глаза оказывались огнями лесной деревушки а выл в вышине стряхивая с веток снег ветер летали тёмные птицы лес был исхожен и затоптан хуже купавинского Колюнчику всё равно ужасно всё нравилось и то что они живут теперь на восьмом этаже откуда видна вся державная южномосковская даль и что ездят на лифте и что у них есть лоджия где папа устроил крохотную Купавну и выращивал в ящиках зелень и красивые панельные стены и маленькая уютная ванная комната и даже невысокие соразмерные его росточку потолки и красивый линолеум вместо крашеных досок.,2
И щекастое ужасно довольное лицо провожатого похожего на пожилого подростка хвастающего научными чудесами,2
И я ужасно рад что мне довелось участвовать в наблюдении за ним.,2
И  после этого каждый раз чувствует себя ужасно виноватым потому что понимает что Лиза права и в то же время что-то мешает ему согласиться с ней.,-1
И быть может кто-нибудь перед кем мы чувствуем себя так ужасно виноватыми потому что пока мы были живыми мы только и делали что терзали их подстраивая под себя ? быть может нам этот кто-нибудь скажет вослед вытягивая подбородок из ватных или простынных барханов мучимый несуществующей перед нами виной,-1
Или вот в прошлом году в последний день летних каникул перед тем как лечь спать мне например ужасно захотелось стать взрослым но не через пятнадцать ? двадцать лет как становятся все нормальные люди а назавтра же.,0
Или у нее дальтонизм и она не замечает Ромкину вопиющую рыжину которой он сам ужасно стесняется?,-1
Илюха через несколько лет станет таким же как Митя высоким ужасно самостоятельным и вот тут-то придётся Максу выслушать кто он на самом деле.,1
Иногда возвращаясь с работы она по-детски хмурясь рассказывала мне раздраженным голосом о том каких дураков носит Земля я сажал ее к себе на колени гладил по волосам и говорил что-то легкое и приятное ? постепенно она успокаивалась тон становился размеренным и она затихала мне ужасно нравились такие вечера ? как правило их она проводила не с компьютером а всё же только со мной.,2
Иные ужасно обиделись и не шутя что им ставят в пример такого безнравственного человека как Герой Нашего Времени другие же очень тонко замечали что сочинитель нарисовал свой портрет и портреты своих знакомых…,-2
Исчезнуть из всех списков… Ей ужасно захотелось выйти замуж.,0
Каждый раз проснувшись и увидя рядом с собой на подушке дохлую мышь Витя громко вскрикивал так как мышей ужасно боялся а дохлых ? тем более.,-1
Кажется Светлана ещё не растратила весь потенциал но в Берлине ей ужасно не везло.,-2
"Как и Поприщин нехорош собой.  Ужасно обидчив а оттого заносчив.  Поприщин называет сослуживцев ""свиньями"" злится на швейцара не подающего ему шинель подпольный мстит офицеру который проходя мимо не обращает на него никакого внимания.",-2
Как попал в аварию и его спас святитель Николай который остановил машину чтобы не перевернулась. Он ужасно депрессивный. Его депрессию можно сравнить только с тем что в молодости он был ужасно красивым я бы с таким трахалась.,-1
Каково же было моё удивление когда очутившись на муравьиной дорожке мне вдруг ни с того ни с сего совершенно неожиданно ужасно захотелось приступить к работе вместе с тёмными и необразованными муравьями.,0
Как-то раз он сказал мне  ? Я ужасно боюсь собак.  Они меня не любят они меня боятся.,-2
Кетти волновалась ужасно заказала феерический туалет приготовила дивное угощение.,-1
Когда боль прошла я попытался притянуть диван к полу но скоро выбился из сил.  Получалось ужасно глупо!  Не может же этот диван вечно торчать под потолком…,-2
Когда мы рассказывали горожанам что здесь по-прежнему делают лучшие в мире микрофоны всем становилось ужасно интересно.,1
Когда складывались определенным образом обстоятельства я легко оставлял сигареты на неделю-другую ? например когда уезжал с детьми в лес… потом снова закуривал и ужасно дымил по году.,-1
Когда я была переводчиком меня ужасно угнетала суть моей профессии.,-2
Когда-то весной едва они поженились их ужасно забавлял это внезапно приобретенный непривычный и как им казалось комичный в своей серьезности статус официальных супругов.,1
Консолидация вокруг негативной и часто непроверенной информации происходит моментальная и это все ужасно заразительно захватывающе страсти кипят сильней чем в кино.,2
Конформистов ужасно жалко особенно если это люди талантливые ведь талант в такой ситуации страдает больше всего.,-1
Крохотный бугорок незаметный глазу осязаемый только если скользнуть педантичной ладонью. Бугорок этот расстраивал Алешу ужасно. Каждое соприкосновение с бугорком заставляло думать о халтурщиках-малярах о том что они вероятно специально плохо выкрасили лестницу чтобы насолить ему.,-2
Куркулия Жора приближался продолжая выражать руками недоумение по поводу моего отсутствия.  Было ужасно неприятно видеть всё это.  Точно так же было однажды когда я увидел входящую в наш двор и спрашивающую у соседей где я проживаю старушенцию из нашей городской библиотеки.,-2
Лакруа ? ужасно смешной лопоухий мишка которому говорят мама в детстве приклеивала уши скотчем.,2
Легче птички она к нему подскочила нагнулась подняла стакан и подала ему с телодвижением исполненным невыразимой прелести потом ужасно покраснела оглянулась на галерею и убедившись что её маменька ничего не видала кажется тотчас же успокоилась.,0
Лично я не люблю плацкарты за их непредсказуемость иногда попадаются волшебные люди а иногда мерзкие иногда постель новая и чистая а иногда просто сыпется иногда удобно спать а иногда жестко иногда тепло а иногда нет отопления или кондиционера иногда изолированы окна а иногда ужасно дует…,-1
Любочка всегда ужасно рада когда ей удаётся поговорить с большим мужчиной и говорит что она непременно выйдет замуж за гусара Катенька же говорит что все мужчины ей гадки что она никогда не выйдет замуж и делается совсем другая как будто она боится чего-то когда мужчина говорит с ней.,2
Макс позвонил на следующий день ужасно серьёзный и деловой.,1
Макс правда переживает что я болею и не могу работать но что работу найду надежды не оставляет. Они ужасно смешные оба. Макс жаждет уехать в США и я дразню его Максом США.,1
Макс ужасно на самом-то деле волновался.,0
Макса этот крен в сторону игр с сознанием ужасно веселил.,2
Малинин тоже меня стал почему-то ужасно раздражать.,-2
Мальчик очень просто ужасно похож на Рона Уизли.,0
Мать на меня так странно смотрела. Мне стало ужасно стыдно. Во-первых потому что не заметил а во-вторых потому что сморозил такую глупость этому странному хрупкому созданию у которого даже нет имени.,-1
Маша ужасно расстроилась даже ночью не спала.,-2
Месяца три назад ? ужасно давно в куцей памяти Колюнея! ? у него был день рождения ему исполнилось два года и все принесли ему подарки.,0
Мисс была ужасно бледна и держала в зубах ломтик лимона.,-1
Митя миленький я наверное тебя ужасно люблю но что же делать?,2
Мне все это ужасно нравилось я пять лет с удовольствием принимал больных делал разные операции но параллельно начал работать на телевидении писал сценарии для передач.,2
Мне кажется у меня с юности такого не было ? ужасно тебя люблю…,2
Мне казалось что это ужасно смешная пьеса я никогда так не смеялся над Гоголем как в пять лет.,1
Мне нравилась она ужасно причём к тому моменту когда неуклюжий и полный отец её пыхтя приседал на корточки и делал эту фотографию я успел пройти через большинство известных стадий сложных отношений мальчиков к девочкам ибо познакомился я с Катей за много лет до этого при попытке разломать аккуратно воздвигнутые ею песчаные пасочки.,2
Мне почему-то было ужасно грустно но я никак не мог понять почему.,-2
Мне ужасно жаль его и я стараюсь… Но по большому счету мои старания не более чем отсрочка.,-2
Мне ужасно захотелось кинуться за нею но я сдержался.,0
Мне ужасно не понравился звук собственного голоса ? сначала хриплый а потом визгливый.,-2
Мне ужасно нравятся мужские собрания в которые не мешаются дамы ? в этом есть что-то строгое неизнеженное.,2
Мне ужасно хотелось подхватить плачущую девочку на руки прижать к себе расцеловать и успокоить.,0
Может её отец пропил…  Знаешь я ведь его ужасно любила…  А почему вы всё-таки развелись?,2
Мы затрагивали довольно узкий круг тем суд Линча падение нравов вьетнамская эпопея…  Мой дядя ужасно сердился  ? Фашист ? кричал он иногда ? матёрый власовец!..,-2
Мы с тобой похожи ужасно… ты моё самое во мне лучшее… прости что я вас бросила… я люблю тебя ужасно и маму люблю.,0
Мы с тобой похожи ужасно… ты моё самое во мне лучшее… прости что я вас бросила… я люблю тебя ужасно и маму люблю.,2
"На повороте он оглянулся и несколько минут смотрел как удаляются по асфальтированной аллее золотоволосая девушка (почти девочка чёрт возьми!) и понурый парнишка в чёрной рубашке и джинсах.  ""Ужасно жалко этого мальчика.  Я ему страшно сочувствую.",-2
На хрена думаю он мне нужен?  Противен ты мне был ужасно.  Нет ты понял Вадька ей-богу!,-2
На этот раз хлестало из неё ужасно и желудок казалось рвался на части.,-2
Надежда как иногда бывает в жизни умерла в течение одного мгновения ? ничего такого не произошло Желтицын сидел как сидел со своей рогаткой собака как смотрела на нас своим бесноватым глазом так и продолжала смотреть ? а я вдруг понял что это всё ужасно глупо и гадко и отвратительно и сказал жене «Пойдём».,-2
Надо сказать что в любой киногруппе исполнительница главной роли всегда считается бедненькой миленькой самой красивой и самой талантливой ужасно несчастной маленькой деточкой её всегда боготворят и трясутся над ней.,-1
Напиши хотя бы три слова я ужасно скучаю.,
Не возьмёт ? значит не судьба!.. Тётка Олюшка перепугалась ужасно. Как это ей остаться без глаз?,-2
Не знаю почему но он мне ужасно нравился.,2
Небольшая доза страданий излечит меня на несколько лет от рака которого я ужасно боюсь самое главное ? действовать!,-2
Несмотря на то что я люблю одиночество мне ужасно хочется что бы ты всегда был рядом.,0
Но когда тетю Женю убили я ужасно испугалась что это все-таки сделал Марат.,-2
Но настоящая любящая и обожаемая «Варя» мать его детей женщина скромная благородная и простая ? тоже ревновала его ужасно.,-1
Но одна из тем была народная война на примере «Капитанской дочки» и «Войны и мира» а я ужасно угорал по ним незадолго до олимпиады.,2
Но он отвечал твёрдо чётко уверенно. Хотя потом признался что волновался ужасно.  ? Ах да там же ещё комиссия!..,-1
Но потом согласился и посчитал свой поступок ужасно взрослым.,0
Но просто так сидеть и радоваться что в доме есть все-все вскоре стало ужасно скучно.,-1
Но самое трудное у нас это передача телеграмм.  Ужасно трудно!  Извольте послушать. (Стучит вилкой по столу подражая телеграфному станку.),-1
Ну о Бродском имел некоторое представление но он мне тогда казался ужасно скучным.,-1
О как она угрюма была моя душа…  Ужасно странно.  Т. е. ужасное было а странное наступает.,-1
О я ужасно опасен в эти минуты.,-2
Обойти грабли  ? У нас получилась ужасно грустная картина. Понятно что это ? наша реальность.,-2
Оголодавшей плотью желал он жену свою и ужасно боялся чего до лагеря не испытывал ужасно боялся оплошать.,-2
Оголодавшей плотью желал он жену свою и ужасно боялся чего до лагеря не испытывал ужасно боялся оплошать.,-2
Однажды я спросил у Моны Бренд в чём тут дело.  ? Видишь ли сиднейцы ужасно любопытны.  Раз есть забор они обязательно хотят выяснить что за забором.,1
Одно было в нём нехорошо ужасно падок был на деньги.,-1
Он боялся в том признаться стеснялся о том говорить. И ужасно страдал. Как что-то отрезано было в глазах и голове.,-2
Он был полиглотом и умёл говорить кажется на всех языках мира в том числе на русском и польском ? и на всех ужасно плохо еле понятно.,-2
Он говорил слово в слово то же что моя мать.  Почему-то меня это ужасно поразило.  ? Он вообще-то был хорошим игроком ? всё так же не глядя на меня продолжал Мышкин.,0
Он добрый хоть и примитивный человек.  Я ужасно растерялся.  Я и не знал что она говорит по-русски.,-1
Он же волшебный был. Ужасно смешные иногда были сказочки. И я вот представь недавно почему-то вспомнила эти приключения Мухиной и Давыдова со своим волшебным кирпичом и думаю вот бы на самом деле был бы у меня такой кирпич… И я бы ему сказала «Дорогой уважаемый милый Кирпич!,1
Он знал эти приступы тошнотворного страха перед последним шагом в пустоту в зыбистую трясину опасности сам проходил не раз когда мысленно крался вслед за своим «джо» посланным в пульсирующий язычками огня набухший ненавистью район действия… Страх Айи ощущал всей кожей всеми нервами ужасно за нее переживал но ничего поделать не мог она должна была справиться сама решиться принять это сражение как свое.,-1
Он не мог позволить себе опоздать на репетицию ужасно гневался когда кто-то приходил с недоученной ролью забывал реплики неточно следовал режиссёрскому рисунку.,-2
Он призадумался.  Пауза длилась ужасно долго.  Рука жены вопросительно повисла с карандашом в пальцах над бумагой.,-1
Он ужасно боялся провала и всё время импровизировал разные варианты этого провала.,-2
Он ужасно депрессивный. Его депрессию можно сравнить только с тем что в молодости он был ужасно красивым я бы с таким трахалась.,2
Он ужасно не любит перемен боится новизны.,-2
Он ужасно смеялся когда я его так называла этот принц крови.,1
Она (хохочет).  Ужасно приятный мужчина…  Он.,2
Она была так красива в своей старости и мне ужасно захотелось поцеловать ее.,1
Она помолчала и проговорила трудно хрипловато  ? Ты… ужасно красивый! Леон расхохотался и воскликнул,2
Она помолчала и я впервые подумал что ей должно быть ужасно скучно сидеть там одной.,-2
Она просто ужасно устаёт и многое забывает.,-1
Она сказала что не ожидала таких разговоров что всё это её изумляет и когда Рита продолжая гнуть свою линию глупейшей откровенности ? она бывала иногда ужасно недальновидна и неуклюжа! ? сказала что боится за себя за то что не хватит пороха ухаживать за больной и что ей бы самой хотелось чтобы за нею кто-нибудь поухаживал Радда Юльевна грубо прервала её и попросила к телефону меня.,-1
Она смеялась словно с неохотой нагнув голову и отвернувшись по-детски вытирая слёзы ладошкой и Скворцов рад был что она смеётся ужасно рад!,2
Она тогда голодала ужасно почти ничего не ела папу надо было питать.,-2
Она ужасно мучилась стонала и только что боль начинала утихать она старалась уверить Григория Александровича что ей лучше уговаривала его идти спать целовала его руку не выпускала её из своих.,-2
Они нечасто появлялись теперь вместе на людях ? гораздо реже чем обычно и даже реже чем в период беременности Лис которая ужасно стеснялась своей погрузневшей фигуры и практически перестала покидать дом до того момента когда пришел наконец ее срок.,-1
Они тут условились договорились написали Правила ужасно сложные.,-1
они ужасно костлявые тебя надолго не хватит зато можно обнимать безнаказанно есть из одной тарелки лакать из одного блюдечка стаканчика — и все уже про нас понимают и объяснять ничего не надо.,-1
Оставленная сверх счёта мелочь на скатерти выглядела ужасно сиротливо.,-1
Отвечать колкостями на его злые шутки? Противно ужасно. Не любила она обстрять отношения.,-2
Отпрыскам алмазных дел мастеров ужасно нравится что на показы Martin Margiela прессу и байеров затягивают на далёкие станции метро заброшенные склады или ночлежки Армии спасения где ассистенты в белых халатах встречают гостей всегда только красным вином из белых пластиковых стаканчиков.,2
Оттого что перегнули и сильно прибили ? оттого-то и тоскуешь задрав глаза. Ужасно скучно. Кто-то положим своего и гнул и «дрянью» прибивал больше нужного потому что кто-то ? не Ян Амос Коменский и не Песталоцци и до Ушинского ему в основном как до Луны но ведь и Додю можно не ошибаясь сказать не ушинские прибивали же?,-1
Плечи его опустились он вдруг показался мне ужасно усталым.,-1
По содержанию это было нечто ужасно мрачное (одному Богу ведомо с чего такому благополучному человеку пришли в голову такие макаберные идеи) ? в общем же чепуха отчаянная.,-1
Пожалуйста отпускайте погулять своих мужей. Без них нам ужасно плохо! Подпись одинокие женщины» Ни адреса ни телефона под этим воззванием не было.,-2
Поначалу мы долго ходили останавливаясь у магазинов осматривали витрины словно нищие беззастенчиво громко обсуждали прохожих сидели на детских площадках мы зашли в какой-то дешевый кафетерий и съели ужасно вкусное мороженое (никакого алкоголя никаких ресторанов) пошли в кино на какой-то безмозглый фильм и хохотали над ним до упаду а главное ? болтали болтали все это время без умолку.,2
После еды Петрова нагретого чаем начали одевать на улицу это было ужасно неприятно хотя бы потому что Петрову и без того было жарко а с каждым новым предметом надеваемым на него становилось еще жарче.,-2
После начальной школы детей перемешали классами и ты идешь по проходу между партами прижимая киберпланшет к груди немного растерянная но ужасно гордая тем что тебе уже исполнилось десять.,2
Постойте я вас ущипну на дорогу.  Я ужасно хорошо выучилась теперь щипаться.  Ну что каково!,2
Потом мы ехали в почти пустом вагоне дачного поезда и под грохот колёс спорили о какой-то пословице которая казалась мне ужасно глупой а брату её и студенту-шаферу ? умной и меткой.,-1
Потом когда Менухин играл концерт Баха для трех скрипок с Игорем Ойстрахом и Валерием Ойстрахом придумали ещё одну ужасно злую шутку.,-2
Потом-то я привык а сперва меня это ужасно удивляло.,0
Почкину ужасно захотелось быть сейчас среди людей и он бросился к соседям.,0
Поэтому Туголуков ужасно обрадовался узрев за своим столом еще одну представительницу комбината которая в отличие от гоблина никуда не исчезнет и не провалится и сразу начал расспрашивать в каком цеху она работает и кем.,2
Правда нам не всегда везет стать свидетелями таких метаморфоз злодеям ужасно везет с иммунитетом.,-1
Представь себе что её ожидает.  ? Ты всё ужасно преувеличиваешь.  Миллионы людей живут работают и абсолютно счастливы.,-1
Примерно через час Зина сидела вплотную к Алексу и размахивала недавно прочитанной книгой что-то ужасно смешно доказывая.,1
Приходили обменщики и всё это было ужасно стыдно потому что чужим и враждебным деланно вежливым людям с которыми маленького жильца заставляли здороваться а они фальшиво улыбались в ответ открывалось сокровенное нутро их дома бросалась в глаза бедность потёртая старенькая мебель выцветшие обои и ободранные книжные полки дощатый пол тараканы и жалкие комнатные растения в глиняных горшках и хотя незнакомые мужчины и женщины ничего не говорили а только внимательно смотрели по сторонам заглядывали на кухню в ванную и туалет Колюня читал в их глазах какое-то растерянно-брезгливое выражение и казалось ему что тот же самый если не больший стыд и горечь испытывает папа которому затея с обменом совершенно не нравилась и оттого мальчик носил в душе двойную обиду за себя и за него.,-1
Приятелей своих Иван смешил ужасно обязательностью этой и ответственностью.,1
"Просто раз всем смешно что мальчик крутит верёвку и раз это ему лично ничем не угрожает значит можно смеяться…  И только тётушка выглядела ужасно.  Она смотрела на Жору Куркулия так словно хотела сказать ""Убийца скажи хотя бы куда ты дел труп моего любимого племянника? """,-2
Разговор приобрел какой-то неожиданный оборот и Антону стало ужасно интересно все что говорит эта женщина.,1
Разобрать слова было невозможно но мелодия оказалась такой печальной что Пашке вдруг стало ужасно жалко и себя и всех кто оказался здесь в этих мрачных таинственных подземельях.,-1
Рано или поздно ты всегда приходишь к мысли что мама пыталась донести до тебя истину а ты ершилась.  ? Мне ужасно не хватает мамы.  ? А мне тети.,-2
Раскольников ужасно разозлился ему вдруг захотелось как-нибудь оскорбить этого жирного франта.,-1
Ротшильд вдруг ему ужасно противен Яков бросился на него с кулаками.,-2
Сана ужасно по-детски обрадовалась придуманному замечательному делу.,2
Сгребай всех сюда ко мне в сумку. Он ужасно обрадовался. Это ж надо ? рынок еще не встал а дело сделано.,2
Сквозь клюкву Травка явственно чуяла хлеб и ей ужасно хотелось есть но позволить себе покопаться лапами в клюкве она никак не могла.,0
"Словом схемка Щедрина ? Писарева ? Столпнера ? ""Русского Богатства"" ужасно скудоумна нищенска за нею никто не пойдёт никто за неё не принесёт жертвы…",-1
Снег прекратился но холодно в этот день ужасно и я поежился жалея что не надел свитер теплее.,-1
Стал я снова кричать и орал ужасно и рот разевал чтобы лес мог поглубже в меня проникнуть.,-1
Старик ужасно был доволен своим Приёмышем и все разговоры в конце концов сводились на него.,2
Стройная сухая с ярко накрашенными губками несколько резкая но в то же время ? ужасно правдивая.,-1
Так вот это было в 1980 году в Польше набирала силу «Солидарность» и все что исходило от Советского Союза воспринималось в штыки. Переживали мы за Колю ужасно. Он спел свою лирическую песню ему похлопали.,-1
Так молодые и ходили через нас с Валей. Стеснялись ужасно особенно по вечерам. Ну вы понимаете… И  нам тоже неловко было.,-1
Так?  ? Ужасно тоскую ? призналась дочь.  ? Иногда отчаянно хочется все забыть броситься к нему прижаться.,-1
Таня втиснулась на заднее сиденье и поехала с музыкантами.  Сергей ей ужасно понравился.  Как никто и никогда.,2
Толстовская манера постоянно анализировать чувства своих героев все эти «Анна чувствовала… знала наперед… Вронский знал назад… Долли понимала…» оказалась ужасно прилипчивой.,-1
Точно говорю ужасно противен.  ? За что ж так? ? спросил Глебов зевая.,-2
Ты хорошо придумал только это ужасно дорого у нас не хватит денег.,-1
У меня вдруг сделалось ужасно тяжело на душе.,-2
У меня гастрит еще со школы но тогда ужасно болело а сейчас нет потому и не догадалась.,-2
У моей прабабушки такие слабости тоже были она ужасно любила конфеты и малиновое варенье.,1
У нас же еще такая веселая была ужасно жизнь очень.,2
У них принцесс на все случаи жизни ужасно строгие правила поведения которые ни за что нельзя нарушать.,-1
Ужасно досадно у нас тут проездом дальний родственник… человек знаете нелюдимый странноватый.,-1
Ужасно ему не хотелось возвращаться но шляпы было жалко.,-1
Ужасно как важно ? понять что отношения с родственниками может быть последние отношения потому что они же и первые от рождения.,0
Ужасно много пробовала рисовать японских картинок и мне сказали один художник что у меня интенция.,0
Ужасно один и так хотелось в гости.,-1
Ужасно сложно заставить вас полюбить отъявленного негодяя причем так чтобы вы не испытывали никаких угрызений совести мы же понимаем что это художественное произведение здесь можно не стесняться в выражении чувств…,-1
Ужасно трясло и после трехдневной езды у меня было желание отказаться работать простым механиком и не ездить в кабине.,-2
Ужасно хотелось лечь носом к стенке и ни о чём не думать.,0
Упражнение заключается в том что йогин (меня ужасно волновало это слово) садится перед зеркалом на расстоянии чуть меньше метра (точная дистанция подбирается экспериментально) и скрещивает глаза таким образом что их отражения раздваиваются ? пока отражение правого глаза не накладывается на отражение левого точно над переносицей.,0
Ураган Бык ужасно мучился ? так хотелось расчихвостить эту жалкую посудину.,-2
Устала. Ужасно устала даже пить не хочу. А вчера в такую жару (сегодня жара сильнее) то и дело ходила вокруг раковины отяжелев от выпитого дыша хлоркой.,-1
Утром на следующий день я отвёз Ленку с детьми к матери и стал ждать.  Время тянулось ужасно медленно.  Около пяти часов в дверь позвонили.,-1
Хелене ужасно жаль конфет но бродягу почему-то жальче хотя он и сам наверняка виноват.,-1
Хотя какая-то странная интуиция подсказывала что Алина ужасно умна намного умнее Макса.,1
Часто во время разговора мне ужасно хотелось противоречить ему в наказание за его гордость хотелось переспорить его доказать ему что я умен несмотря на то что он не хочет обращать на меня никакого внимания.,0
Часы тоже тикали неравномерно то торопились ужасно то вдруг замедляли ход и становились почти неслышными.,0
Чаще всего мы ходили в Солодовниковский пассаж в котором я знал наизусть все магазины Ускова (материи) Рудометкина (приклад сейчас же у входа слева) Семёнова (также приклад но ужасно дорого!),-1
Через две недели он выздоровел.  И мы снова ужасно поссорились.  ? Болван! ? кричал мой дядя. ? Ты не хочешь понять!,-2
Читаешь «Анну Каренину» читаешь… Все ужасно серьезное требующее внимательного вдумчивого чтения.,0
Что-то ужасно безобразное и трогательное есть в том как далёкие люди сблизились и стали похожи друг на друга.,-2
Чумная махаона заморить ? весело а чужой мопс умер от старости ? грустно… Ужасно грустно. Херувим не выходит из дому.,-2
"Шёл и дышал воздухом слабосоленого моря и холмистой нетучной земли где чуть привяла боровая трава первой сенокосной страды где лиственницы плавно качаясь неспешно узорничают на солнечных бликах аллеи а какие-то мелкие цветики испещряют своими розовыми метёлками край кювета и осколками радуги зависают стрекозы опознавая кто есть кто и ты понимаешь как глупо разминулся с жизнью что надо было сразу после лагеря поселиться на лоне (ужасно торжественно вроде ""юбилей"" или ""мавзолей"") да на лоне наняться сторожем сельмага и читать не монографии об институтах крепостнического самодержавия а журнал ""Юный натуралист"".",1
Эта милая ужасно обаятельная женщина твёрдой рукой сделала целый ряд замечательных комедий.,2
Это вообще такой вопрос сложный и такой ужасно на самом деле интересный.,-2
Это заикание по-моему ужасно не свойственно русскому языку.,-1
Это один из самых низких показателей в мире но корейцы все равно ужасно страдают.,-2
Это ужасно грустно такое выслушивать и надо самому быть дрянью чтобы так сравнивать если делается без цели это если хорошенько вглядеться выходит та же сквозная «дрянь» без лазейки только другим способом и может быть еще больше прибивает.,-2
Это ужасно умилительная для самого себя история ужасно приятно жалеть самого себя.,1
Это ужасно умилительная для самого себя история ужасно приятно жалеть самого себя.,2
Юлька мне обрадовалась ужасно расцеловала в обе небритые щеки спросила че приперся я ответил ? блаженная Юлька негоже тебе чистой деве ругаться матом мне приснилось что целый мир рухнул ты пойми Юлька мне срочно нужно к тебе под одеяло и чтобы твое дыхание чувствовалось на моей небритой щеке.,2
Юрка хохочет будто я сказал что-то ужасно остроумное.,1
Я бы сказал всё как-то очень неожиданно. Ужасно неожиданно.  ? Что например?,0
Я впервые заметила что великие композиторы ужасно затягивали свои музыкальные произведения.,-1
Я гордо плюнул на него и удалился ужасно довольный собой.,2
Я же на четверть американец в детстве я был практически блондином представляете как на меня все смотрели? Япония же ужасно ксенофобская страна. Но мне нравилось что я не такой как все что у меня семья не похожая на остальные.,-2
Я закрыл наволочку и стал ждать.  Время тянулось ужасно медленно.  Я почувствовал что меня начинает тошнить.,-1
Я окинула Галю пристрастным глазом ужасно она мне нравится.,2
"Я от утомления заснул проснулся ? ""Садко"" под подушкой нет.  Ужасно рыдал.  А в то время когда засыпал я слышал их разговор.",-2
Я покатился со смеху уж очень комичен был контраст.  Комиссаржевская ужасно обиделась.  Волошин нисколько.,-2
Я прямо ужасно горжусь нашей страной несмотря даже на то что который год не могу построить себе пальто.,2
Я пытался разрешить сам с собой другие вопросы которые мучили меня ужасно.,-2
Я разозлился ужасно благодаря мне компания стала одной из самых прибыльных в Японии я же им все оставил.,-2
Я сделал несколько шагов по комнате чувствуя что колени дрожат и ноги ступают нетвёрдо.  Ноги меня ужасно вдруг напугали.  С такими ногами нечего было и думать перелезать ограду балкона и переступать через прутья на высоте девяти этажей.,-2
Я себя часто ловлю на мысли что мне ужасно не нравится что моя дочка так быстро выросла и хочется её задержать в детском девченочьем возрасте подольше вот отсюда и сопротивление «взрослым» запросам а вовсе не потому что волосы красить или ногти так уж плохо и порочно.,-2
Я такая деликатная девушка ужасно люблю нежные слова.,2
Я ужасно волнуюсь что будет с вами бедные крошки.,-1
Я ужасно горевал после смерти матери но всё-таки вы понимаете был счастлив несмотря ни на что.,-2
Я ужасно жалею что из-за работы не могу сейчас путешествовать.,-2
Я ужасно люблю обезьян из них такие душки… а крокодил ужасен.,2
Я  честно все передал Ламзину сам был расстроен ужасно а на Ламзине просто лица не было.,-2
Я конечно ужасно хочу чтобы ты мне звонил но и не хочу.,0
